id;code;libelle;description
1;unleash;Georgia program transmitting;Legacy partnerships
2;initiatives;Sleek Wooden Keyboard Berkshire olive;mint green
3;parsing Directives;Nebraska Netherlands Antillian Guilder;Refined internet solution
4;Circle;payment;input action-items Pants
5;Future invoice Berkshire;synthesizing Adaptive innovative;Christmas Island Sweden fuchsia
6;Bedfordshire;Creative Representative;Ball Corporate Money Market Account
7;exuding Switchable;Checking Account Cambridgeshire;Utah invoice
8;Global COM Stream;Georgia Colorado;Utah programming
9;plum pixel Via;Unbranded Wooden Pants Home;invoice Gorgeous Cotton Towels schemas
10;calculating leading-edge Rubber;mobile Assimilated synergies;Montserrat Movies niches
